view,psnr,ssim,lpips,ause_mse,ause_rmse,ause_mae,mse
0,1.0,1.0,1.0,0.2618332455670018,0.1885650008483316,0.13597810050965284,0.07925130493157248
1,1.0,1.0,1.0,0.25168102159865946,0.18341024121141566,0.13180822650076793,0.0751395918693012
2,1.0,1.0,1.0,0.2804352786447863,0.2042150851313415,0.14801170526925425,0.120899386226789
3,1.0,1.0,1.0,0.2928307719685059,0.2079632184128604,0.1496014452407741,0.11025920955810628
average,1.0,1.0,1.0,0.27169507944473836,0.1960383864009873,0.1413498693801123,0.09638737314644225
