view,psnr,ssim,lpips,ause_mse,ause_rmse,ause_mae,mse
0,28.418689727783203,0.9181327819824219,0.050310008227825165,0.1937228004482943,0.22611873206349292,0.15778070019271812,0.019913822973424138
1,28.790739059448242,0.923809826374054,0.043949808925390244,0.2010323095433678,0.24404100933078485,0.16796153833796731,0.018101074300388795
2,27.942970275878906,0.9095636010169983,0.04604274779558182,0.25460910560032607,0.29575601945811153,0.21482913144494722,0.024921183970254675
3,28.030248641967773,0.9192231893539429,0.0426972359418869,0.3095649587815993,0.3395670605794771,0.25139345017659676,0.02365277138490846
