view,psnr,ssim,lpips,ause_mse,ause_rmse,ause_mae,mse
0,23.547273635864258,0.8894060254096985,0.05995355546474457,0.22857083239635181,0.2789662970129961,0.1752114784186371,0.011587592888045372
1,23.864561080932617,0.8952431082725525,0.05447782948613167,0.22975671172610626,0.2897146666263528,0.17177461801136598,0.010004128797898613
2,23.925851821899414,0.8980073928833008,0.05450519919395447,0.22625153078442417,0.2874818546458924,0.16197212171340114,0.009855423836333579
3,24.01784896850586,0.8993307948112488,0.053243931382894516,0.24623606644326484,0.33357002468772456,0.1738071912068744,0.008160904332698574
