view,psnr,ssim,lpips,ause_mse,ause_rmse,ause_mae,mse
0,1.0,1.0,1.0,0.14925631002997583,0.13262172037246,0.08474617725711252,0.10674248007800145
1,1.0,1.0,1.0,0.16167559361530692,0.13862494723016264,0.09231266358869732,0.10137467695459854
2,1.0,1.0,1.0,0.16840653943034936,0.14186005050213302,0.09640501339603598,0.09409647832181646
3,1.0,1.0,1.0,0.15064685441574518,0.13380174703209233,0.08883908635386711,0.08989882885958
