view,psnr,ssim,lpips,ause_mse,ause_rmse,ause_mae,mse
0,1.0,1.0,1.0,0.3294326522004777,0.25411428841890166,0.17515510655076438,0.11957597654526306
1,1.0,1.0,1.0,0.3255077135062369,0.2474960346492501,0.1725776738793771,0.11266781491213396
2,1.0,1.0,1.0,0.327640833566073,0.24779258948688931,0.17268482226091764,0.10290298876121648
3,1.0,1.0,1.0,0.29703721272228817,0.23292825876971282,0.15859002215449639,0.09836543426977104
