view,psnr,ssim,lpips,ause_mse,ause_rmse,ause_mae,mse
0,29.98155975341797,0.9282341599464417,0.15973325073719025,0.25082023540559645,0.16111521530555706,0.1538188700713755,0.518416275844924
1,24.660566329956055,0.8537330031394958,0.20077024400234222,0.46890796001379614,0.3171369375753077,0.3075358913389379,0.27709490793565195
2,24.079736709594727,0.8274565935134888,0.2691997289657593,0.39338511963950284,0.2711879663874628,0.24615553395753229,0.2772108913226328
3,26.32249641418457,0.8799799084663391,0.22679704427719116,0.33761075139872043,0.2482205858951586,0.20991997398564455,0.297467880365504
4,21.825647354125977,0.8206315040588379,0.2529571056365967,0.23374844183566756,0.18629228300728012,0.15304874441146732,0.400950443500362
