view,psnr,ssim,lpips,ause_mse,ause_rmse,ause_mae,mse
0,31.97987937927246,0.9255678057670593,0.1524917632341385,0.3843590703979135,0.4101872958987951,0.3379355417937041,0.06853436678647995
1,29.45966148376465,0.9131692051887512,0.15665371716022491,0.41232347183860835,0.43404141075909136,0.3572160808742046,0.06382141262292862
2,33.031368255615234,0.9277299642562866,0.15268607437610626,0.3695945885311813,0.3973861070722342,0.3269388733804226,0.07068482041358948
3,30.147945404052734,0.9157924652099609,0.17284531891345978,0.22683408167213204,0.258417465761304,0.20302439235150813,0.09568873792886734
4,30.63094139099121,0.9199767112731934,0.1537381410598755,0.29268183625303207,0.3359510409832001,0.2700030837953092,0.07529506087303162
average,31.049959182739258,0.9204472303390503,0.15768300294876098,0.3371586097385735,0.36719666409492496,0.2990235944390297,0.0748048797249794
