view,psnr,ssim,lpips,ause_mse,ause_rmse,ause_mae,mse
0,1.0,1.0,1.0,0.318237304322303,0.19474530389562436,0.19124015158259938,0.51174235838434
1,1.0,1.0,1.0,0.29309484632071087,0.19285994459830114,0.18980301345333758,0.4696636817012271
2,1.0,1.0,1.0,0.3331323918288326,0.19653128408623033,0.19375428631397323,0.4369292735518864
3,1.0,1.0,1.0,0.3311983524173835,0.199303620427445,0.19675550581600804,0.5472720847725367
4,1.0,1.0,1.0,0.3534393303672616,0.21025000036982475,0.2084245231840049,0.5228808153065823
average,1.0,1.0,1.0,0.3258204450512983,0.19873803067548512,0.19599549606998462,0.4976976427433145
