view,psnr,ssim,lpips,ause_mse,ause_rmse,ause_mae,mse
0,32.22182846069336,0.8780421018600464,0.2045019119977951,0.5704722106456757,0.4813176682591438,0.4378228321671486,0.005918522365391254
1,33.9181022644043,0.879327654838562,0.20032408833503723,0.5706382352113724,0.4720782759785652,0.43423377901315685,0.006114404182881117
2,29.909643173217773,0.880047082901001,0.1887793242931366,0.5230640694499017,0.4303428983688354,0.39094129651784904,0.009475651197135448
3,29.600217819213867,0.8585461974143982,0.2306138128042221,0.39782937273383134,0.3624930721521378,0.32325879156589515,0.017490984871983528
4,28.837961196899414,0.8671019673347473,0.21072150766849518,0.49990406125783915,0.41398460835218437,0.3705926591157913,0.008470266126096249
average,30.897550582885742,0.872613000869751,0.20698812901973723,0.512381589859724,0.43204330462217333,0.39136987167596815,0.009493965748697519
