view,psnr,ssim,lpips,ause_mse,ause_rmse,ause_mae,mse
0,1.0,1.0,1.0,0.5142864413559436,0.4035674753785134,0.3821115300059318,0.18066048622131348
1,1.0,1.0,1.0,0.5224454100430013,0.4114047913253307,0.3902717380225658,0.18586952984333038
2,1.0,1.0,1.0,0.5285293984413145,0.41578502729535105,0.3953490422666072,0.18906794488430023
3,1.0,1.0,1.0,0.5510202807188034,0.4197994610667229,0.40498208701610566,0.20523422956466675
4,1.0,1.0,1.0,0.4665005899965763,0.42647500544786454,0.40532190859317774,0.2190723419189453
average,1.0,1.0,1.0,0.5165564241111278,0.4154063521027565,0.3956072611808777,0.19598090648651123
