view,psnr,ssim,lpips,ause_mse,ause_rmse,ause_mae,mse
0,1.0,1.0,1.0,0.4612555879354477,0.3475722569227218,0.3207382135093212,0.2752210795879364
1,1.0,1.0,1.0,0.4289992094039916,0.3308489963412285,0.29953384950757034,0.2452177256345749
2,1.0,1.0,1.0,0.25290008261799807,0.22394414886832234,0.1925369928777218,0.1923368275165558
3,1.0,1.0,1.0,0.3322152052819729,0.27607974052429196,0.24161741301417353,0.20609311759471893
4,1.0,1.0,1.0,0.275408234000206,0.2423575823009014,0.20568083137273788,0.18631961941719055
average,1.0,1.0,1.0,0.35015566384792324,0.28416054499149324,0.25202146005630494,0.2210376739501953
