view,psnr,ssim,lpips,ause_mse,ause_rmse,ause_mae,mse
0,24.304161071777344,0.9480090737342834,0.10856825113296509,0.7470512839748181,0.6587728061773703,0.5886610878531687,0.025686338967153853
1,29.814767837524414,0.9561452269554138,0.08223535865545273,0.7031475420569148,0.5849700917851816,0.5247883329086263,0.015921869864871405
2,32.907352447509766,0.9626959562301636,0.07173112034797668,0.37632571462462516,0.48955065687407195,0.44449426194860053,0.036025358571163964
3,26.331945419311523,0.9541178941726685,0.09618876874446869,0.21543193940568883,0.35629555121780515,0.30967015261145003,0.016409289174510157
4,31.621923446655273,0.9537582993507385,0.08770004659891129,0.17201515283461707,0.31372290081052334,0.27835959736516325,0.018356532455599907
