view,psnr,ssim,lpips,ause_mse,ause_rmse,ause_mae,mse
0,1.0,1.0,1.0,0.5272726428508758,0.35980131328105924,0.3440156286954879,0.30985838174819946
1,1.0,1.0,1.0,0.5017968302965164,0.34592361986637116,0.32036862999200816,0.30360671877861023
2,1.0,1.0,1.0,0.5212526051700116,0.35679694563150405,0.3410628661513328,0.31235525012016296
3,1.0,1.0,1.0,0.5317533126473427,0.36523351073265076,0.3527220368385315,0.3335367739200592
4,1.0,1.0,1.0,0.542009721249342,0.382378069460392,0.3606658336520195,0.29815569519996643
