{
  "experiment_name": "scene_7_traj_1",
  "method_name": "splatfacto",
  "checkpoint": "outputs/scene_7_traj_1/splatfacto/main-no-sfm/nerfstudio_models/step-000029999.ckpt",
  "results": {
    "psnr": 1.0,
    "ssim": 1.0,
    "lpips": 1.0,
    "ause_mse": 0.3975304961204529,
    "ause_mae": 0.25567910075187683,
    "ause_rmse": 0.2728704810142517,
    "mse": 0.3201114237308502,
    "num_rays_per_sec": 405997.34375,
    "fps": 1.7940353155136108
  }
}
