view,psnr,ssim,lpips,ause_mse,ause_rmse,ause_mae,mse
0,1.0,1.0,1.0,0.3366196578537621,0.20406805458178265,0.20133702974035877,0.3760951146548775
1,1.0,1.0,1.0,0.22592045672754105,0.12940562859082475,0.13259818905294674,0.388035090804585
2,1.0,1.0,1.0,0.19919752219573789,0.12227397462610262,0.11468361034204334,0.3630956191138674
3,1.0,1.0,1.0,0.25623276531593586,0.15581189176040597,0.14872284083354448,0.3542515956198282
4,1.0,1.0,1.0,0.18476851246435783,0.11453364962110087,0.10615797030409928,0.35727182219054504
