view,psnr,ssim,lpips,ause_mse,ause_rmse,ause_mae,mse
0,1.0,1.0,1.0,0.21574965613480193,0.12618416575317679,0.12144813903725754,0.5318853172946431
1,1.0,1.0,1.0,0.3099760393937839,0.17847961542838023,0.17144612278445748,0.5214745223449092
2,1.0,1.0,1.0,0.23655843186609532,0.1353523429253852,0.1273569627148266,0.5106213389079128
3,1.0,1.0,1.0,0.25092796319757293,0.1426532687026664,0.13351455524146702,0.5130981692675906
4,1.0,1.0,1.0,0.2614757149763181,0.1481789898804044,0.14154346685481814,0.5125308309793382
average,1.0,1.0,1.0,0.25493756111371446,0.14616967653800259,0.13906184932656535,0.5179220357588787
