view,psnr,ssim,lpips,ause_mse,ause_rmse,ause_mae,mse
0,1.0,1.0,1.0,0.39332739710807796,0.2572465056180954,0.23804564952850346,0.27475136518478394
1,1.0,1.0,1.0,0.4022556748986244,0.2640728718042374,0.24423664718866347,0.2744496166706085
2,1.0,1.0,1.0,0.3751015780866146,0.26399172753095623,0.2454060685634613,0.3144168555736542
3,1.0,1.0,1.0,0.37219000905752186,0.23340424716472624,0.2224826368689537,0.32081618905067444
4,1.0,1.0,1.0,0.4042696076631546,0.2641844764351845,0.24839045107364652,0.3001718819141388
average,1.0,1.0,1.0,0.3894288533627987,0.25657996571063996,0.2397122906446457,0.29692118167877196
