view,psnr,ssim,lpips,ause_mse,ause_rmse,ause_mae,mse
0,1.0,1.0,1.0,0.23560990121287764,0.1303487293412789,0.11674456767827733,0.2833490582624254
1,1.0,1.0,1.0,0.3163799386606463,0.1948396472437219,0.17822748727011065,0.3207323887911301
2,1.0,1.0,1.0,0.2503616778510963,0.1878403530318953,0.17492897122153533,0.36237243916036826
3,1.0,1.0,1.0,0.20421121321629646,0.16658884119288786,0.15529068368857799,0.27443482820440185
4,1.0,1.0,1.0,0.2211923184282567,0.17457159457408022,0.15661932750461188,0.2950928856883681
average,1.0,1.0,1.0,0.24555100987383466,0.17083783307677283,0.1563622074726226,0.30719632002133873
