view,psnr,ssim,lpips,ause_mse,ause_rmse,ause_mae,mse
0,19.009489059448242,0.7335628867149353,0.3754841983318329,0.5160366486514715,0.5350548113405756,0.5320083513527154,0.2716623086875143
1,23.654722213745117,0.8328174352645874,0.20279327034950256,0.4757513726114674,0.5803638147047248,0.4917050368673231,0.10179293325234647
2,31.427772521972656,0.8900027871131897,0.12520501017570496,0.3258291778972003,0.4065144664729629,0.5714712942385791,0.00432247749838415
3,28.36382293701172,0.8642886281013489,0.12983819842338562,0.12665844123500167,0.2674239345245254,0.34412912913095256,0.0044446480240648975
4,27.841474533081055,0.8620133399963379,0.1411302089691162,0.7244337551974882,0.6423127262638604,0.6048837643939698,0.004165312421395136
