{
  "experiment_name": "scene_001",
  "method_name": "splatfacto",
  "checkpoint": "outputs/scene_001/splatfacto/main/nerfstudio_models/step-000029999.ckpt",
  "results": {
    "psnr": 1.0,
    "ssim": 1.0,
    "lpips": 1.0,
    "ause_mse": 0.16787533462047577,
    "ause_mae": 0.09655317664146423,
    "ause_rmse": 0.10392508655786514,
    "mse": 0.33560726046562195,
    "num_rays_per_sec": 422762.0625,
    "fps": 1.4293317794799805
  }
}
