view,psnr,ssim,lpips,ause_mse,ause_rmse,ause_mae,mse
0,1.0,1.0,1.0,0.22843439148176925,0.12573707796273192,0.11493636093322647,0.27780414890945154
1,1.0,1.0,1.0,0.23874605731333434,0.13924272369931492,0.12421056735314642,0.30782791104362783
2,1.0,1.0,1.0,0.24068465829656902,0.14839827239842687,0.1417590320860279,0.31791271657654524
3,1.0,1.0,1.0,0.27400921751279605,0.18798348211156116,0.18039393105243243,0.2634587606677313
4,1.0,1.0,1.0,0.2673078808287885,0.18413524578757784,0.17425697171919913,0.2824363326065459
