view,psnr,ssim,lpips,ause_mse,ause_rmse,ause_mae,mse
0,30.603195190429688,0.9378805756568909,0.15117822587490082,0.41594470456242555,0.39570503234863286,0.31435045450925825,0.015275147743523121
1,31.253923416137695,0.9395247101783752,0.13885001838207245,0.4641693646460772,0.4311207070946693,0.33645090460777277,0.011048650369048119
2,34.308624267578125,0.9413278698921204,0.14284947514533997,0.6331055215001106,0.5397589999437331,0.46603017479181286,0.006083593238145113
3,27.836429595947266,0.9171469807624817,0.21423864364624023,0.3906286257505417,0.3519609537720681,0.2593264031410217,0.017090803012251854
4,35.72736358642578,0.9460372924804688,0.13388516008853912,0.657651649415493,0.5622951459884643,0.4854746037721634,0.005454372614622116
