{
  "experiment_name": "scene_11_traj_1",
  "method_name": "splatfacto",
  "checkpoint": "outputs/scene_11_traj_1/splatfacto/main/nerfstudio_models/step-000029999.ckpt",
  "results": {
    "psnr": 1.0,
    "ssim": 1.0,
    "lpips": 1.0,
    "ause_mse": 0.46230649948120117,
    "ause_mae": 0.3505495488643646,
    "ause_rmse": 0.37989380955696106,
    "mse": 0.18291406333446503,
    "num_rays_per_sec": 364807.375,
    "fps": 1.6120235919952393
  }
}
