view,psnr,ssim,lpips,ause_mse,ause_rmse,ause_mae,mse
0,1.0,1.0,1.0,0.484250679910183,0.3706336879730225,0.3515685600042343,0.276866614818573
1,1.0,1.0,1.0,0.44930695995688436,0.35530799329280854,0.33143716633319853,0.24556009471416473
2,1.0,1.0,1.0,0.39654353410005566,0.3031542211771011,0.2780427661538124,0.19169147312641144
3,1.0,1.0,1.0,0.4485006719827653,0.3402997151017189,0.313281369805336,0.20152150094509125
4,1.0,1.0,1.0,0.3631826564669609,0.3006476420164108,0.2723340871930122,0.18556152284145355
average,1.0,1.0,1.0,0.4283569004833698,0.3340086519122124,0.3093327898979187,0.2202402412891388
