view,psnr,ssim,lpips,ause_mse,ause_rmse,ause_mae,mse
0,20.235260009765625,0.7101675868034363,0.5280197262763977,0.16152289474252174,0.15752076331244455,0.13436414428370844,0.39955711895900453
1,21.56342887878418,0.7194680571556091,0.4922802448272705,0.15322835207948782,0.1872862011177212,0.18274954813277386,0.2024336382352854
2,29.20001220703125,0.8201273083686829,0.23545244336128235,0.4304190097926451,0.4067249435482982,0.3296627477603843,0.04562369009220066
3,30.847152709960938,0.8782477378845215,0.21676699817180634,0.590610824826281,0.5014966372155151,0.44303330965671167,0.061359496884713094
4,29.996740341186523,0.7997792959213257,0.26672494411468506,0.5204972619341953,0.45284169813872566,0.414791974314555,0.05316896248675626
average,26.368518829345703,0.785557997226715,0.3478488713502884,0.37125566867502624,0.34117404866654094,0.3009203448296266,0.152428581331592
