view,psnr,ssim,lpips,ause_mse,ause_rmse,ause_mae,mse
0,1.0,1.0,1.0,0.20673029559619951,0.12985542219056484,0.12419779760346389,0.3350773145397945
1,1.0,1.0,1.0,0.15573482005375677,0.09084627986160683,0.08636941404674386,0.3314879104348616
2,1.0,1.0,1.0,0.1620589911570548,0.1008914715952379,0.09294848652088986,0.34181539854682996
3,1.0,1.0,1.0,0.17107817359579153,0.10773275768425955,0.09808506786938503,0.3318161076171527
4,1.0,1.0,1.0,0.14377435856255022,0.09029950472579086,0.08116508429329349,0.3378397078119392
average,1.0,1.0,1.0,0.16787532779307054,0.103925087211492,0.09655317006675522,0.3356072877901156
