view,psnr,ssim,lpips,ause_mse,ause_rmse,ause_mae,mse
0,1.0,1.0,1.0,0.26815589231319314,0.1735866450550467,0.16876811687361243,0.4436687648665662
1,1.0,1.0,1.0,0.25534880395548004,0.16936296053264854,0.1638378817679794,0.40730341999395103
2,1.0,1.0,1.0,0.23222940515507134,0.160668488659731,0.155653751649844,0.3776178331289588
3,1.0,1.0,1.0,0.25434449545602883,0.16574225555985925,0.16118052131187857,0.4628007766337913
4,1.0,1.0,1.0,0.29548925548129057,0.17872287376141308,0.17319362630278273,0.44447926686108313
average,1.0,1.0,1.0,0.2611135704722128,0.1696166447137397,0.1645267795812194,0.42717401229687013
