view,psnr,ssim,lpips,ause_mse,ause_rmse,ause_mae,mse
0,1.0,1.0,1.0,0.19302083360450095,0.11471566650233724,0.10831159356767484,0.4088337529957308
1,1.0,1.0,1.0,0.19945796397899926,0.11862123642941273,0.11295109832368203,0.4151523605646315
2,1.0,1.0,1.0,0.21806993289791596,0.12593918552146077,0.11841105739940955,0.40406547322245195
3,1.0,1.0,1.0,0.20397741114890086,0.11640356532442432,0.11099426569002137,0.41596384164098377
4,1.0,1.0,1.0,0.20140815306618906,0.11499535230739084,0.10773309257525472,0.3986303937328781
average,1.0,1.0,1.0,0.20318685893930125,0.11813500121700518,0.11168022151120852,0.40852916443133525
