view,psnr,ssim,lpips,ause_mse,ause_rmse,ause_mae,mse
0,34.075618743896484,0.8975977301597595,0.07470759004354477,0.3667217240482568,0.33849452212452885,0.2870778642594814,0.015669628977775574
1,34.191959381103516,0.9008040428161621,0.07288089394569397,0.3616293757967651,0.33293796196579933,0.2778657644987106,0.01497043389827013
2,35.057212829589844,0.9017979502677917,0.07392358034849167,0.36463056311011316,0.33342512309551237,0.27746953606605534,0.014545442536473274
3,26.606800079345703,0.9035582542419434,0.09983043372631073,0.3517380486428738,0.30149226158857345,0.2817249062657356,0.006769664119929075
4,26.926347732543945,0.8935930132865906,0.11398706585168839,0.30515421025455,0.29068394854664803,0.25173909455537796,0.009410841390490532
average,31.3715877532959,0.8994701981544495,0.0870659127831459,0.34997478437051177,0.31940676346421243,0.27517543312907217,0.012273202184587717
