view,psnr,ssim,lpips,ause_mse,ause_rmse,ause_mae,mse
0,1.0,1.0,1.0,0.4205619810521603,0.2951016935706139,0.2793194249272346,0.3030926585197449
1,1.0,1.0,1.0,0.439902813732624,0.29768552303314205,0.2790677776932717,0.2968681752681732
2,1.0,1.0,1.0,0.3675039777159691,0.26596430480480193,0.24441842615604398,0.33251523971557617
3,1.0,1.0,1.0,0.388179637491703,0.24461686223745346,0.23489497035741805,0.3479110300540924
4,1.0,1.0,1.0,0.37150404930114744,0.2609840041399002,0.24069499194622038,0.32017001509666443
average,1.0,1.0,1.0,0.39753049185872075,0.2728704775571823,0.2556791182160378,0.3201114237308502
