view,psnr,ssim,lpips,ause_mse,ause_rmse,ause_mae,mse
0,1.0,1.0,1.0,0.4769230967760086,0.3811458320915698,0.35313281670212754,0.16994093358516693
1,1.0,1.0,1.0,0.4699504376947879,0.37973162904381746,0.3503329072892665,0.17459286749362946
2,1.0,1.0,1.0,0.4646084886789322,0.377913086116314,0.3488556568324566,0.17741705477237701
3,1.0,1.0,1.0,0.48295245453715324,0.3829826377332211,0.3592435055971145,0.19066734611988068
4,1.0,1.0,1.0,0.41709823057055473,0.3776957800984383,0.3411828535795211,0.20195215940475464
average,1.0,1.0,1.0,0.4623065416514874,0.3798937930166721,0.3505495480000973,0.18291407227516174
