{
  "experiment_name": "statue",
  "method_name": "splatfacto",
  "checkpoint": "outputs/statue/splatfacto/main/nerfstudio_models/step-000029999.ckpt",
  "results": {
    "psnr": 1.0,
    "ssim": 1.0,
    "lpips": 1.0,
    "ause_mse": 0.43111658096313477,
    "ause_mae": 0.3290773630142212,
    "ause_rmse": 0.3623693585395813,
    "mse": 0.132359117269516,
    "num_rays_per_sec": 389464.1875,
    "fps": 1.6903828382492065
  }
}
