{
  "experiment_name": "statue",
  "method_name": "splatfacto",
  "checkpoint": "outputs/statue/splatfacto/main/nerfstudio_models/step-000029999.ckpt",
  "results": {
    "psnr": 1.0,
    "ssim": 1.0,
    "lpips": 1.0,
    "ause_mse": 0.46367016434669495,
    "ause_mae": 0.3632444143295288,
    "ause_rmse": 0.37660694122314453,
    "mse": 0.132359117269516,
    "num_rays_per_sec": 389510.65625,
    "fps": 1.6905845403671265
  }
}
