{
  "experiment_name": "statue",
  "method_name": "splatfacto",
  "checkpoint": "outputs/statue/splatfacto/main/nerfstudio_models/step-000029999.ckpt",
  "results": {
    "psnr": 1.0,
    "ssim": 1.0,
    "lpips": 1.0,
    "ause_mse": 0.430908203125,
    "ause_mae": 0.3332633972167969,
    "ause_rmse": 0.3626081943511963,
    "mse": 0.132359117269516,
    "num_rays_per_sec": 391569.125,
    "fps": 1.6995186805725098
  }
}
