view,psnr,ssim,lpips,ause_mse,ause_rmse,ause_mae,mse
0,23.871110916137695,0.8641300201416016,0.09314990043640137,0.4382515711987826,0.44992863346167605,0.3067525088746746,0.0041678079077458125
1,24.142330169677734,0.8769825100898743,0.09139066189527512,0.4598702380430333,0.46745384874242857,0.32378135557873605,0.004109381394989107
2,23.66366195678711,0.8663825988769531,0.10014106333255768,0.44799332644168843,0.453425208489445,0.32071670526936324,0.00459646676950667
3,23.506437301635742,0.8531603217124939,0.10795271396636963,0.3002000400882829,0.35943138282053394,0.27646691894448244,0.005897323490814083
average,23.79588508605957,0.8651638627052307,0.09815858490765095,0.41157879394294683,0.4325597683785209,0.3069293721668141,0.004692744890763918
