view,psnr,ssim,lpips,ause_mse,ause_rmse,ause_mae,mse
0,1.0,1.0,1.0,0.4904440592245688,0.5543925345208335,0.302599590279334,0.007113355219607272
1,1.0,1.0,1.0,0.5354337329195514,0.5698264338927502,0.31743381767616463,0.007198637306246107
2,1.0,1.0,1.0,0.43218163027788525,0.49091057872451094,0.29219833202240564,0.0098862779157781
3,1.0,1.0,1.0,0.2261288649819585,0.3259187862767274,0.2205319728920296,0.019986231819566
average,1.0,1.0,1.0,0.421047071850991,0.4852620833537055,0.28319092821748343,0.01104612556529937
