{
    "transform": [
        [
            0.9969617128372192,
            -0.07542179524898529,
            -0.019466018304228783,
            0.012390624731779099
        ],
        [
            -0.019466018304228783,
            -0.48321792483329773,
            0.8752836585044861,
            -0.15828312933444977
        ],
        [
            -0.07542179524898529,
            -0.8722453713417053,
            -0.48321792483329773,
            0.1949436068534851
        ]
    ],
    "scale": 0.20400218014567442
}