{"default_fov": 75.0, "default_transition_sec": 2.0, "keyframes": [{"matrix": [-0.9849773238868357, -0.07009706067031735, 0.15781658187310396, 0.03350144535484143, 0.1681954577663609, -0.5964464550947581, 0.7848324115323356, 0.547778599953319, 0.03911469564617089, 0.7995861606420406, 0.5992762403885444, -0.23800349580052577, 0.0, 0.0, 0.0, 1.0], "fov": 75.0, "aspect": 1.7777777777777777, "override_transition_enabled": false, "override_transition_sec": null}], "camera_type": "perspective", "render_height": 1080.0, "render_width": 1920.0, "fps": 30.0, "seconds": 0.0, "is_cycle": false, "smoothness_value": 0.0, "camera_path": []}